NUMERO;IMAGE
1;../../Images/eclair.png
2;../../Images/eclair.png
3;../../Images/eclair.png
4;../../Images/eclair.png
5;../../Images/eclair.png
6;../../Images/eclair.png
7;../../Images/eclair.png
8;../../Images/boom.png
9;../../Images/boom.png
10;../../Images/boom.png
11;../../Images/boom.png
12;../../Images/boom.png
13;../../Images/boom.png
14;../../Images/boom.png
15;../../Images/soleil.png
16;../../Images/soleil.png
17;../../Images/soleil.png
18;../../Images/soleil.png
19;../../Images/soleil.png
20;../../Images/soleil.png
21;../../Images/soleil.png
22;../../Images/pluie.png
23;../../Images/pluie.png
24;../../Images/pluie.png
25;../../Images/pluie.png
26;../../Images/pluie.png
27;../../Images/pluie.png
28;../../Images/pluie.png
29;../../Images/vent.png
30;../../Images/vent.png
31;../../Images/vent.png
32;../../Images/vent.png
33;../../Images/vent.png
34;../../Images/vent.png
35;../../Images/vent.png